code,name,industry,close,lot_size,lot_value_usd,prior_return_pct,daily_return_pct,drop_strength_pct,two_day_drop_ok,industry_avg_return_pct,lag_vs_industry_pct,peer_count,volume_ratio,volume_anomaly,negative_news_score,negative_news_hits,news_fetch_ok,usd_hkd_rate,score,passes,two_days_ago_return_pct,turnover,prior_turnover_median,prior_traded_days,large_drop_ok,other_days_ok,three_day_drop_ok,consecutive_down_ok,liquidity_ok,market_cap,pe,pb
TTAN,TTAN,Software—Application,57.119998931884766,1.0,57.119998931884766,-7.211096985816368,-29.98284181192411,29.98284181192411,True,-1.838839879143489,28.144001932780625,208,23.28532221996341,22.28532221996341,0.0,,True,7.840980052947998,52.26816403188752,True,-5.563910193420318,1308510647.5315094,92445628.55987547,20.0,True,True,True,True,True,5510246516.321163,34.797016,3.5427651
TBBK,TBBK,Banks—Regional,50.02999877929688,1.0,50.02999877929688,-3.678778201633015,-22.325732130445232,22.325732130445232,True,-0.7691811824658445,21.55655094797939,286,11.298212248003043,10.298212248003043,0.0,,True,7.840980052947998,32.62394437844827,True,-1.2843152415462522,148604105.3741455,17684495.959854126,20.0,True,True,True,True,True,2040564004.4814148,12.113801,3.0048048
CASY,CASY,Specialty Retail,629.030029296875,1.0,629.030029296875,-2.9890668860011127,-14.241497815685456,14.241497815685456,True,-2.9411736347271344,11.300324180958322,41,8.064606741573034,7.064606741573034,0.0,,True,7.840980052947998,21.30610455725849,True,-0.3072118492641995,1625350692.7001953,268891656.8054199,20.0,True,True,True,True,True,23249054930.827396,38.308773,5.874393
WETO,WETO,Software—Infrastructure,2.4100000858306885,1.0,2.4100000858306885,-0.3921564960883028,-5.118105432076425,20.807455600648584,True,-1.1235944019676425,3.994511030108783,169,0.5096031524403487,0.0,0.0,,True,7.840980052947998,20.807455600648584,True,-20.807455600648584,3958184.1409683223,16032650.838387012,20.0,True,True,True,True,True,2597500.502508402,,8.034139
GWRE,GWRE,Software—Application,142.24000549316406,1.0,142.24000549316406,-7.825385788920835,-4.9896472418040405,19.934931637450997,True,-1.838839879143489,3.150807362660552,208,1.8234849495353695,0.8234849495353698,0.0,,True,7.840980052947998,20.758416586986364,True,-19.934931637450997,291677355.2642822,217554356.77642825,20.0,True,True,True,True,True,11842385672.700869,80.818184,9.875035
DYN,DYN,Biotechnology,19.190000534057617,1.0,19.190000534057617,-16.35091066075095,-5.514519750543956,16.35091066075095,True,-2.2971619471438776,3.2173578034000783,541,3.301238847166057,2.301238847166057,0.0,,True,7.840980052947998,18.65214950791701,True,-2.685370965155076,98694172.74665833,39417461.12651825,20.0,True,True,True,True,True,3583664110.623354,-5.7578006,4.5280795
CRBP,CRBP,Biotechnology,8.859999656677246,1.0,8.859999656677246,-4.377253249249325,-16.375654239016967,16.375654239016967,True,-2.2971619471438776,14.07849229187309,541,1.9546295394800897,0.9546295394800896,0.0,,True,7.840980052947998,17.330283778497055,True,-3.315882313926777,8893667.65537262,5416253.072214127,20.0,True,True,True,True,True,171363849.33969402,-1.6070142,1.6179693
PATH,PATH,Software—Infrastructure,13.56999969482422,1.0,13.56999969482422,-7.768264543109938,-3.140617607918017,16.630075999785188,True,-1.1235944019676425,2.0170232059503745,169,0.8884067450994844,0.0,0.0,,True,7.840980052947998,16.630075999785188,True,-16.630075999785188,785135756.3430786,1105946854.86269,20.0,True,True,True,True,True,7072078741.085991,20.876923,3.6186666
NVS,NVS,Drug Manufacturers—General,137.47999572753906,1.0,137.47999572753906,-13.93212562010585,-0.159768500783497,13.93212562010585,True,-0.6041271525955794,-0.4443586518120823,16,2.0347838137472283,1.0347838137472285,0.0,,True,7.840980052947998,14.96690943385308,True,-1.9007854033572855,403723755.4534912,224276642.5819397,20.0,True,True,True,True,True,261310268082.4701,20.767372,6.290263
ASAN,ASAN,Software—Application,8.25,1.0,8.25,-0.2270199411016804,-6.143344302577103,12.68582471371813,True,-1.838839879143489,4.304504423433614,208,1.769034617441817,0.769034617441817,0.0,,True,7.840980052947998,13.454859331159946,True,-12.68582471371813,58664925.0,39057719.66257095,20.0,True,True,True,True,True,1889003465.25,18.142633,18.252213
SANA,SANA,Biotechnology,3.1700000762939453,1.0,3.1700000762939453,-10.389606931354646,-8.115941087530098,10.389606931354646,True,-2.2971619471438776,5.818779140386221,541,3.959265870291546,2.959265870291546,0.0,,True,7.840980052947998,13.348872801646191,True,-1.7857186300760608,27422402.659988403,8519867.944157124,20.0,True,True,True,True,True,948973242.129404,-5.7105803,6.143411
CHWY,CHWY,Internet Retail,20.75,1.0,20.75,-1.6483490793052336,-10.829395823767218,10.829395823767218,True,-1.3132974206201242,9.516098403147094,26,3.211338942896822,2.211338942896822,0.0,,True,7.840980052947998,13.04073476666404,True,-1.2520836749737696,448625375.0,153536856.17189407,20.0,True,True,True,True,True,8339990416.75,38.425926,17.306087
CNXC,CNXC,Information Technology Services,27.06999969482422,1.0,27.06999969482422,-12.095769303809444,-4.244785084925251,12.095769303809444,True,-1.6847334033700756,2.5600516815551755,66,1.4266862170087975,0.4266862170087977,0.0,,True,7.840980052947998,12.52245552081824,True,-2.1004525380802,42142575.52490234,29447427.548885345,20.0,True,True,True,True,True,1651766715.8786774,2.2767031,0.60991824
KRMN,KRMN,Aerospace & Defense,35.220001220703125,1.0,35.220001220703125,-0.7253649796093109,-11.262276544897176,11.262276544897176,True,-2.370774500600492,8.891502044296685,87,2.0653032767836392,1.0653032767836392,0.0,,True,7.840980052947998,12.327579821680816,True,-1.332677466502541,156500075.42419434,109113185.8789444,20.0,True,True,True,True,True,4667837357.544312,146.75002,11.08593
HWM,HWM,Aerospace & Defense,232.6199951171875,1.0,232.6199951171875,-10.699267716986792,0.4707797450168138,10.699267716986792,True,-2.382234125969074,-2.853013870985888,87,2.460909227178312,1.4609092271783122,0.0,,True,7.840980052947998,12.160176944165103,True,-0.4683485993475011,1336657753.942871,626346522.2793579,20.0,True,True,True,True,True,92769179488.10754,50.025803,16.233078
CABA,CABA,Biotechnology,2.9100000858306885,1.0,2.9100000858306885,-5.763690087455641,-11.009171168062936,11.009171168062936,True,-2.2971619471438776,8.71200922091906,541,1.6768394756496434,0.6768394756496434,0.0,,True,7.840980052947998,11.68601064371258,True,-0.2873560462197666,18947010.558843613,12806970.274186134,20.0,True,True,True,True,True,493377259.5022023,-1.9692767,2.316879
UI,UI,Communication Equipment,520.5800170898438,1.0,520.5800170898438,0.1500976766817041,-10.326771946602207,10.326771946602207,True,-1.4361555099234702,8.890616436678739,42,2.3175438596491227,1.317543859649123,0.0,,True,7.840980052947998,11.644315806251331,True,-2.7350909838165127,206305860.77270508,101767340.05126952,20.0,True,True,True,True,True,31509865615.400574,36.634766,26.207209
MMYT,MMYT,Travel Services,49.060001373291016,1.0,49.060001373291016,-3.0924081967571797,-8.979591865621883,8.979591865621883,True,-2.1551723429195646,6.824419522702318,15,3.4183896862077354,2.4183896862077354,0.0,,True,7.840980052947998,11.397981551829618,True,-2.6430983861353674,68944019.92988586,23281893.439102173,20.0,True,True,True,True,True,4614518086.889915,233.61906,-68.519554
COO,COO,Medical Instruments & Supplies,63.47999954223633,1.0,63.47999954223633,-2.7302687116967927,-6.219534269945082,6.219534269945082,True,-0.6991415399935419,5.52039272995154,50,6.080470104681781,5.080470104681781,0.0,,True,7.840980052947998,11.300004374626862,True,-1.486414299023453,601022287.6659393,111899277.8957367,20.0,True,True,True,True,True,12380544303.122065,57.18919,1.5017033
PINS,PINS,Internet Content & Information,18.280000686645508,1.0,18.280000686645508,-1.2745109497240614,-9.235346372249309,9.235346372249309,True,-2.1074233905970408,7.127922981652268,56,3.0446488158216,2.0446488158216,0.0,,True,7.840980052947998,11.27999518807091,True,-2.1582770009893504,512885635.2653504,206117953.78198624,20.0,True,True,True,True,True,10352202522.416296,58.967743,3.5724058
GSHD,GSHD,Insurance Brokers,56.400001525878906,1.0,56.400001525878906,-4.431834734278628,-9.49935525984442,9.49935525984442,True,-3.1629437816286687,6.336411478215752,18,2.7692584593232543,1.7692584593232543,0.0,,True,7.840980052947998,11.268613719167677,True,-2.7877201782011807,43388521.17385864,18490791.37153625,20.0,True,True,True,True,True,1342478238.320198,45.48387,-11.944092
SUPX,SUPX,Software—Infrastructure,7.110000133514404,1.0,7.110000133514404,-7.389161491241292,-5.45212564430877,9.476035185796905,True,-1.1235944019676425,4.328531242341127,169,2.5514958625079567,1.551495862507957,0.0,,True,7.840980052947998,11.027531048304862,True,-9.476035185796905,7124931.133794785,3256034.4590187077,20.0,True,True,True,True,True,307429800.5830388,,1.487759
RUM,RUM,Internet Content & Information,7.519999980926514,1.0,7.519999980926514,-2.441860800372242,-10.369491380159912,10.369491380159912,True,-2.1074233905970408,8.262067989562873,56,1.2707770474615911,0.2707770474615911,0.0,,True,7.840980052947998,10.640268427621503,True,-4.867252015929314,35547791.90983772,32648086.11512184,20.0,True,True,True,True,True,2073594393.4606016,-24.258064,2.2501495
ALMS,ALMS,Biotechnology,9.800000190734863,1.0,9.800000190734863,-4.684688647684709,-7.372398285405335,7.372398285405335,True,-2.2971619471438776,5.075236338261458,541,4.10661862116475,3.10661862116475,0.0,,True,7.840980052947998,10.479016906570084,True,-2.288726083320747,37973040.73905945,22538717.92831421,20.0,True,True,True,True,True,1268465366.8878126,-3.4106767,2.784882
AGEN,AGEN,Biotechnology,6.860000133514404,1.0,6.860000133514404,-9.830096666005415,-7.671597684971587,9.830096666005415,True,-2.2971619471438776,5.37443573782771,541,1.6073155817443994,0.6073155817443994,0.0,,True,7.840980052947998,10.437412247749815,True,0.0,9917502.193021774,6846901.60150528,20.0,True,True,True,True,True,308839998.0308728,2.4765344,-1.4686363
AMGN,AMGN,Drug Manufacturers—General,391.2699890136719,1.0,391.2699890136719,-10.07707532682871,-0.4832577127379833,10.07707532682871,True,-0.6041271525955794,-0.120869439857596,16,1.2772543447371298,0.2772543447371298,0.0,,True,7.840980052947998,10.35432967156584,True,-1.5513789531230948,1143056145.904541,1006821261.5203856,20.0,True,True,True,True,True,211533078656.7894,24.454374,18.097593
SYK,SYK,Medical Devices,275.3900146484375,1.0,275.3900146484375,-8.808106019512408,-0.3762175071080342,8.808106019512408,True,-1.265829088137238,-0.8896115810292038,139,2.5055685881522307,1.5055685881522307,0.0,,True,7.840980052947998,10.31367460766464,True,-1.5779686047147634,1514810314.5751953,728063489.3295288,20.0,True,True,True,True,True,105632186756.6858,28.65661,4.403563
SSTK,SSTK,Internet Content & Information,5.059999942779541,1.0,5.059999942779541,-9.93030866816884,-2.1276621255537087,9.93030866816884,True,-2.148563684659044,-0.0209015591053352,56,1.381240283295906,0.3812402832959061,0.0,,True,7.840980052947998,10.311548951464747,True,-0.5199343138218238,6068963.9313697815,4899328.882312775,20.0,True,True,True,True,True,186955278.92583656,5.6853933,0.51214576
APPN,APPN,Software—Infrastructure,34.2400016784668,1.0,34.2400016784668,-9.877501189296778,-0.98322768821415,9.877501189296778,True,-1.1235944019676425,-0.1403667137534925,169,1.292395715521256,0.292395715521256,0.0,,True,7.840980052947998,10.169896904818032,True,-6.001961737520789,33257313.6302948,28005825.25177002,20.0,True,True,True,True,True,2452529041.504544,24.149923,-23.372015
STDN,STDN,Specialty Chemicals,13.039999961853027,1.0,13.039999961853027,-10.136052996266333,-1.2869044345422465,10.136052996266333,True,-1.4720491504919777,-0.185144715949731,60,0.9935241278462502,0.0,0.0,,True,7.840980052947998,10.136052996266333,True,0.0,9302735.97278595,9415720.754861832,20.0,True,True,True,True,True,2041421839.2280624,-290.42316,-2.3917828
XERS,XERS,Drug Manufacturers—Specialty & Generic,7.710000038146973,1.0,7.710000038146973,-0.5861687256752957,-9.080183321404911,9.080183321404911,True,-1.1407864043083027,7.939396917096609,76,2.0261485119907543,1.0261485119907543,0.0,,True,7.840980052947998,10.106331833395666,True,-0.6984914848764401,21626550.10700226,11793631.96630478,20.0,True,True,True,True,True,1405689566.2149675,19.769232,-137.67857
ALIT,ALIT,Software—Application,12.550000190734863,1.0,12.550000190734863,-9.852548656246052,-6.691447072811863,9.852548656246052,True,-1.838839879143489,4.852607193668374,208,1.1513433571604634,0.1513433571604634,0.0,,True,7.840980052947998,10.003892013406515,True,0.2014757036902681,5862105.089092255,5829205.108547211,20.0,True,True,True,True,True,334672649.7363539,2.380275,0.32354534
GRAB,GRAB,Software—Application,3.039999961853028,1.0,3.039999961853028,-4.9707623538466255,-6.461539635291469,6.461539635291469,True,-1.838839879143489,4.622699756147981,208,4.529192100321808,3.529192100321808,0.0,,True,7.840980052947998,9.990731735613275,True,0.0,456095146.2767601,115552029.28150892,20.0,True,True,True,True,True,12437557923.929214,30.4,1.832429
BCRX,BCRX,Drug Manufacturers—Specialty & Generic,8.8100004196167,1.0,8.8100004196167,-8.935746384679089,-2.866585269632238,8.935746384679089,True,-1.1407864043083027,1.7257988653239351,76,1.9830077447693908,0.9830077447693908,0.0,,True,7.840980052947998,9.91875412944848,True,-1.2884054754704333,45340667.15955734,25505103.445720676,20.0,True,True,True,True,True,2251264382.2767973,9.367022,-4.9466295
BBNX,BBNX,Medical Devices,17.420000076293945,1.0,17.420000076293945,-0.4634405367369365,-9.881013217541256,9.881013217541256,True,-1.2232500927669363,8.65776312477432,139,0.9609653843974846,0.0,0.0,,True,7.840980052947998,9.881013217541256,True,-2.5100401510290693,14773902.064704897,16748200.659370422,20.0,True,True,True,True,True,783720368.3924408,-7.524838,3.0566766
CABO,CABO,Telecom Services,21.13999938964844,1.0,21.13999938964844,-9.57989278558653,-8.2066923171784,9.57989278558653,True,-1.329097740474816,6.877594576703583,49,0.997740477727566,0.0,0.0,,True,7.840980052947998,9.57989278558653,True,-2.2640067716001244,6534373.811340332,7767139.182472229,20.0,True,True,True,True,True,119946771.036911,1.4539201,0.36746684
USDE,USDE,Capital Markets,7.239999771118164,1.0,7.239999771118164,-4.035305192323824,-4.862028329891355,9.578113860660464,True,-1.6708459724126878,3.191182357478666,90,0.9352610135310068,0.0,0.0,,True,7.840980052947998,9.578113860660464,True,-9.578113860660464,24846231.214523315,24876749.876618385,20.0,True,True,True,True,True,173972669.50011253,,31.34199
IBP,IBP,Residential Construction,210.5399932861328,1.0,210.5399932861328,-4.413804633780116,-7.674092490452722,7.674092490452722,True,-0.9695875265418374,6.7045049639108845,18,2.8430549727234578,1.8430549727234575,0.0,,True,7.840980052947998,9.51714746317618,True,0.3660119424258923,142640845.45135498,57818748.55728149,20.0,True,True,True,True,True,5595979747.130936,24.567095,8.696766
KVYO,KVYO,Software—Application,16.270000457763672,1.0,16.270000457763672,-3.868894127293221,-9.05533251623325,9.05533251623325,True,-1.838839879143489,7.216492637089761,208,1.416075045723613,0.4160750457236131,0.0,,True,7.840980052947998,9.471407561956864,True,-5.819836058753669,117153765.2961731,93761598.47564696,20.0,True,True,True,True,True,4869282694.509426,542.3334,4.8625226
CHTR,CHTR,Telecom Services,133.88999938964844,1.0,133.88999938964844,-4.112112490371023,-8.130921954762416,8.130921954762416,True,-1.329097740474816,6.801824214287599,49,1.9924376350422317,0.9924376350422316,0.0,,True,7.840980052947998,9.123359589804648,True,0.4029598300143933,543245283.5235596,301215884.49554443,20.0,True,True,True,True,True,15970063464.968796,3.7918434,0.942078
LYFT,LYFT,Software—Application,14.899999618530272,1.0,14.899999618530272,-2.8708107772046687,-8.251232582964674,8.251232582964674,True,-1.838839879143489,6.412392703821185,208,1.8304137571761585,0.8304137571761585,0.0,,True,7.840980052947998,9.081646340140832,True,-3.240748559250928,259148243.36528775,166156921.3030815,20.0,True,True,True,True,True,5640249565.698355,2.3650792,1.8685728
SHOP,SHOP,Software—Application,126.79000091552734,1.0,126.79000091552734,-7.574602323912893,-5.451159474478684,7.574602323912893,True,-1.838839879143489,3.612319595335196,208,2.3084314816158398,1.308431481615839,0.0,,True,7.840980052947998,8.883033805528733,True,-0.5415468319709071,1815341196.1082456,912292444.2123412,20.0,True,True,True,True,True,163133585189.4477,91.21583,12.886473
BTCT,BTCT,Computer Hardware,1.5399999618530271,1.0,1.5399999618530271,-3.977268955801128,-8.875744987496425,8.875744987496425,True,-2.041179799751125,6.8345651877453,39,0.6030287266631986,0.0,0.0,,True,7.840980052947998,8.875744987496425,True,-8.333331781129004,3213363.920402527,6677828.818595409,20.0,True,True,True,True,True,26143045.51241684,-0.1925,0.3943662
OABI,OABI,Biotechnology,4.014999866485596,1.0,4.014999866485596,-2.0785255005468795,-5.306601810811696,8.842106869346223,True,-2.2971619471438776,3.009439863667818,541,0.8272946029563424,0.0,0.0,,True,7.840980052947998,8.842106869346223,True,-8.842106869346223,4831249.339342117,6886134.846830368,20.0,True,True,True,True,True,583742428.5582876,-13.610169,2.2430167
EXPE,EXPE,Travel Services,272.6000061035156,1.0,272.6000061035156,-7.881499153967653,-0.7102465037891581,7.881499153967653,True,-2.813102207051832,-2.102855703262674,15,1.9388070983765884,0.9388070983765884,0.0,,True,7.840980052947998,8.820306252344242,True,-1.68239290660136,734139076.4373779,448639254.2236328,20.0,True,True,True,True,True,32718018922.756622,17.275032,27.057074
MLTX,MLTX,Biotechnology,13.720000267028809,1.0,13.720000267028809,-0.4663600761567021,-8.165992955959588,8.165992955959588,True,-2.2971619471438776,5.868831008815711,541,1.4537244108033718,0.4537244108033718,0.0,,True,7.840980052947998,8.61971736676296,True,-1.184985888570533,23188172.45130539,17685161.683940887,20.0,True,True,True,True,True,1167663740.9259367,-4.124666,2.678641
PTON,PTON,Leisure,5.059999942779541,1.0,5.059999942779541,-6.666669021418025,0.3968250213867152,6.666669021418025,True,-1.5347763802608383,-1.9316014016475536,28,2.907323904646117,1.9073239046461168,0.0,,True,7.840980052947998,8.573992926064141,True,0.3717468494625064,95590988.9190197,35114246.33896351,20.0,True,True,True,True,True,2220691287.947554,36.142857,-15.91195
MVST,MVST,Auto Parts,0.625,1.0,0.625,-1.302460714413867,-8.357768762113748,8.357768762113748,True,-1.8322501878805848,6.525518574233163,52,1.2140738972032443,0.2140738972032443,0.0,,True,7.840980052947998,8.571842659316992,True,-1.285714784447034,4925687.5,5232118.147847056,20.0,True,True,True,True,True,240334053.75,5.2058334,0.44242212
ADSK,ADSK,Software—Application,206.6199951171875,1.0,206.6199951171875,-2.6112837732892635,-2.6341885018725697,8.260361242445203,True,-1.838839879143489,0.7953486227290807,208,1.295049504950495,0.2950495049504951,0.0,,True,7.840980052947998,8.555410747395698,True,-8.260361242445203,479709642.6635742,449550062.7243042,20.0,True,True,True,True,True,43183578979.49219,27.476063,12.764564
APG,APG,Engineering & Construction,38.0099983215332,1.0,38.0099983215332,0.3996000093747787,-5.447767163788764,5.447767163788764,True,-2.0885546735418314,3.359212490246932,51,3.748330583706497,2.748330583706497,0.0,,True,7.840980052947998,8.19609774749526,True,0.0249866013876554,362710408.9832306,106016774.38697816,20.0,True,True,True,True,True,16426412163.60329,19.115776,4.496096
BKNG,BKNG,Travel Services,173.42999267578125,1.0,173.42999267578125,-6.720467011008447,-3.810321830113572,6.720467011008447,True,-2.1551723429195646,1.6551494871940076,15,2.4754896434391367,1.475489643439137,0.0,,True,7.840980052947998,8.195956654447583,True,-0.9429670223114694,2094479335.546875,986850638.531494,20.0,True,True,True,True,True,134387161480.10085,20.049711,-12.191058
XMTR,XMTR,Industrial Distribution,85.58999633789062,1.0,85.58999633789062,-0.0864604259268486,-7.420228054947486,7.420228054947486,True,-1.2938344360653886,6.126393618882098,23,1.7371590506553312,0.7371590506553312,0.0,,True,7.840980052947998,8.157387105602817,True,-0.5481536234006601,62960001.30615234,39057007.2052002,20.0,True,True,True,True,True,4906324403.144806,66.47044,15.855872
SFD,SFD,Packaged Foods,20.520000457763672,1.0,20.520000457763672,0.1820706271166372,-6.769649048721793,6.769649048721793,True,-1.1446410095467097,5.625008039175084,58,2.3589435774309724,1.3589435774309724,0.0,,True,7.840980052947998,8.128592626152766,True,-0.272362103589896,76611421.70906067,35114391.656303406,20.0,True,True,True,True,True,8080107864.372425,8.175299,1.1763357
MNDY,MNDY,Software—Application,81.11000061035156,1.0,81.11000061035156,-8.125619359477687,-3.059636207263494,8.125619359477687,True,-1.838839879143489,1.2207963281200052,208,0.9251630621352558,0.0,0.0,,True,7.840980052947998,8.125619359477687,True,-6.431729187775604,87436580.65795898,106367421.09718324,20.0,True,True,True,True,True,3428853817.8920746,35.419216,5.548639
KSPI,KSPI,Software—Infrastructure,100.0,1.0,100.0,-0.2975910894233435,-6.725118128945951,6.725118128945951,True,-1.1235944019676425,5.601523726978309,169,2.3697093319734828,1.3697093319734828,0.0,,True,7.840980052947998,8.094827460919433,True,-0.2597150409401449,139410000.0,61902469.44885254,20.0,True,True,True,True,True,19002726600.0,9.033424,0.008397372
SPT,SPT,Software—Application,10.130000114440918,1.0,10.130000114440918,-8.010562279174227,-3.0621980924870678,8.010562279174227,True,-1.838839879143489,1.2233582133435783,208,0.9507340699258362,0.0,0.0,,True,7.840980052947998,8.010562279174227,True,-0.0879527614994657,12726319.143772123,13465773.38924408,20.0,True,True,True,True,True,613799114.4942284,6.5787764,2.6855779
EVER,EVER,Internet Content & Information,23.36000061035156,1.0,23.36000061035156,0.1204363180621337,-6.335204049207754,6.335204049207754,True,-2.1074233905970408,4.227780658610714,56,2.6203824424163407,1.6203824424163409,0.0,,True,7.840980052947998,7.955586491624095,True,-1.5804015289234583,28169824.73602295,11479281.855487823,20.0,True,True,True,True,True,826319795.6701355,8.139374,3.2057087
RHI,RHI,Staffing & Employment Services,38.54999923706055,1.0,38.54999923706055,-7.914519966328893,-1.6832437205372752,7.914519966328893,True,0.0,1.6832437205372752,17,0.941435294772898,0.0,0.0,,True,7.840980052947998,7.914519966328893,True,-0.9767399277798016,65161063.71040344,76890760.50720215,20.0,True,True,True,True,True,3946048391.304123,34.115044,3.1477096
BL,BL,Software—Application,29.46999931335449,1.0,29.46999931335449,-7.856923774859381,-2.2229598203776235,7.856923774859381,True,-1.838839879143489,0.3841199412341345,208,1.03249961000468,0.0324996100046799,0.0,,True,7.840980052947998,7.889423384864061,True,-1.564852437336739,29257815.31829834,30463405.18045425,20.0,True,True,True,True,True,1712951666.9885445,53.581818,5.441285
CMCSA,CMCSA,Telecom Services,24.59000015258789,1.0,24.59000015258789,-0.6040009392017986,-6.608430596885673,6.608430596885673,True,-1.329097740474816,5.279332856410857,49,2.280833581624966,1.280833581624966,0.0,,True,7.840980052947998,7.889264178510638,True,-0.6003746705529389,1157667699.1836548,545917659.2945099,20.0,True,True,True,True,True,87260973871.54897,8.450171,0.97151434
AGNT,AGNT,Real Estate Services,3.694999933242798,1.0,3.694999933242798,-1.2406994573640806,-7.160806142333498,7.160806142333498,True,-0.7129522460121995,6.447853896321298,41,1.668649254374623,0.668649254374623,0.0,,True,7.840980052947998,7.829455396708121,True,-0.2475186173044208,7152780.870771408,5162998.099565506,20.0,True,True,True,True,True,617500766.0586741,12.316666,2.1980963
MNTN,MNTN,Software—Application,11.84000015258789,1.0,11.84000015258789,-1.081076383864299,-7.572211048044863,7.572211048044863,True,-1.838839879143489,5.733371168901375,208,0.8883414494414208,0.0,0.0,,True,7.840980052947998,7.572211048044863,True,-3.789006147373286,9179552.118301392,11278784.8405838,20.0,True,True,True,True,True,885669461.3340569,6.6516857,2.6281908
ALLO,ALLO,Biotechnology,1.7300000190734863,1.0,1.7300000190734863,-5.5837569902329465,-6.989247001710142,6.989247001710142,True,-2.2971619471438776,4.692085054566265,541,1.5402376838020928,0.5402376838020928,0.0,,True,7.840980052947998,7.529484685512235,True,-0.5050500185316276,12567239.138555529,9691107.753562927,20.0,True,True,True,True,True,597699230.7197156,-2.651016,1.3697546
IT,IT,Information Technology Services,169.69000244140625,1.0,169.69000244140625,-7.4187329508077156,-1.6802792502567,7.4187329508077156,True,-1.7466760408688164,-0.0663967906121165,66,1.0890906034627668,0.0890906034627667,0.0,,True,7.840980052947998,7.507823554270482,True,-4.624991422493652,219884305.16357425,231764539.6224976,20.0,True,True,True,True,True,10715749891.612305,15.52516,-65.31563
PTLO,PTLO,Restaurants,4.110000133514404,1.0,4.110000133514404,0.0,-7.013573244991155,7.013573244991155,True,-1.7535724939027777,5.260000751088378,49,1.4609102547124002,0.4609102547124002,0.0,,True,7.840980052947998,7.474483499703556,True,0.4545450112051208,6800817.220926285,5220337.975406647,20.0,True,True,True,True,True,298051776.2622881,24.176472,0.6206584
BRKR,BRKR,Medical Devices,54.43000030517578,1.0,54.43000030517578,-0.2222240480602266,-6.750040601005991,6.750040601005991,True,-1.2232500927669363,5.526790508239055,139,1.6546847048300537,0.6546847048300537,0.0,,True,7.840980052947998,7.4047253058360445,True,-1.5317284123032129,161107357.9032898,102776032.61108398,20.0,True,True,True,True,True,8292917616.376373,22.778347,3.482183
MGPI,MGPI,Beverages—Wineries & Distilleries,15.09000015258789,1.0,15.09000015258789,-1.1585398687627757,-6.909309038503264,6.909309038503264,True,-2.460319216244033,4.448989822259231,8,1.4655453065653825,0.4655453065653825,0.0,,True,7.840980052947998,7.374854345068647,True,0.3671937905880718,4075809.041213989,3049678.452205658,20.0,True,True,True,True,True,322491969.590992,7.6832995,0.5468778
DOCS,DOCS,Health Information Services,24.190000534057617,1.0,24.190000534057617,-7.3244792304937745,-0.941849064364264,7.3244792304937745,True,-1.525452575436348,-0.5836035110720839,39,0.9430219978362784,0.0,0.0,,True,7.840980052947998,7.3244792304937745,True,-2.76752763632,63256851.39656067,70500819.38686371,20.0,True,True,True,True,True,4311770351.393623,29.144579,4.748724
SAIL,SAIL,Software—Infrastructure,17.579999923706055,1.0,17.579999923706055,-5.472894771513415,-1.1804439629792165,5.472894771513415,True,-1.1235944019676425,0.0568495610115737,169,2.825870103393039,1.8258701033930391,0.0,,True,7.840980052947998,7.298764874906454,True,-2.9396581370111807,136457717.40779877,52041926.541137695,20.0,True,True,True,True,True,9971077043.987371,43.966488,1.457349
ETSY,ETSY,Internet Retail,71.19000244140625,1.0,71.19000244140625,-4.822902023758912,-2.238392282681956,6.729241405839892,True,-1.3132974206201242,0.9250948620618316,26,1.5370336867243188,0.5370336867243188,0.0,,True,7.840980052947998,7.266275092564211,True,-6.729241405839892,302408011.3708496,218381841.2952423,20.0,True,True,True,True,True,6533942864.196533,23.038836,-4.7136335
CMPX,CMPX,Biotechnology,2.180000066757202,1.0,2.180000066757202,-7.14286000502482,-1.3574647453366009,7.14286000502482,True,-2.29954111672408,-0.9420763713874792,541,1.090526052313212,0.0905260523132118,0.0,,True,7.840980052947998,7.233386057338032,True,0.4219506061063249,5698738.174510002,5639980.399382114,20.0,True,True,True,True,True,392591666.72216535,-4.074766,2.3644252
PRCH,PRCH,Insurance—Property & Casualty,16.3799991607666,1.0,16.3799991607666,-6.744709898554357,-2.0920525466012085,6.744709898554357,True,-0.2095756877442789,1.8824768588569296,43,1.4554238425408186,0.4554238425408186,0.0,,True,7.840980052947998,7.200133741095176,True,-0.6644459326317298,26646982.634735107,18859686.451530457,20.0,True,True,True,True,True,1859454818.4103625,44.270267,-156.0
PTC,PTC,Software—Application,128.88999938964844,1.0,128.88999938964844,-5.502772323444338,-3.2793000880420475,6.036778683406874,True,-1.838839879143489,1.4404602088985583,208,2.1610230547550437,1.1610230547550433,0.0,,True,7.840980052947998,7.1978017381619175,True,-6.036778683406874,309284442.5354004,170238066.73736572,20.0,True,True,True,True,True,13985371914.063034,12.91483,4.1127667
CART,CART,Internet Retail,46.63999938964844,1.0,46.63999938964844,-6.011356399391854,-2.833334604899085,6.011356399391854,True,-1.3132974206201242,1.5200371842789606,26,2.1372674580890925,1.1372674580890925,0.0,,True,7.840980052947998,7.148623857480946,True,-1.2567701286494093,303547108.0276489,152766686.0321045,20.0,True,True,True,True,True,10797162983.583572,26.202248,4.680851
INBX,INBX,Biotechnology,112.86000061035156,1.0,112.86000061035156,-5.636710352616936,-1.2943814718739954,5.636710352616936,True,-2.29954111672408,-1.0051596448500844,541,2.492369920941349,1.4923699209413497,0.0,,True,7.840980052947998,7.129080273558285,True,-0.8915458434808454,76496508.41369629,29624630.36956787,20.0,True,True,True,True,True,1661035116.5829468,-12.883561,-31.332594
EFX,EFX,Consulting Services,168.08999633789062,1.0,168.08999633789062,-3.066934674371591,-2.056869175929344,6.367334877207453,True,-0.7168452042999429,1.3400239716294005,21,1.7420325962836083,0.7420325962836085,0.0,,True,7.840980052947998,7.109367473491061,True,-6.367334877207453,282071822.85461426,177203535.0944519,20.0,True,True,True,True,True,19748035738.39746,30.123655,4.5128465
SHAK,SHAK,Restaurants,63.0099983215332,1.0,63.0099983215332,-2.8818443170411268,-6.513357722492208,6.513357722492208,True,-1.7535724939027777,4.75978522858943,49,1.5038674584560108,0.5038674584560108,0.0,,True,7.840980052947998,7.017225180948218,True,0.1442979361002461,94943465.47088625,68631537.14866638,20.0,True,True,True,True,True,2546117400.666264,70.79775,4.673292
CAVA,CAVA,Restaurants,56.5099983215332,1.0,56.5099983215332,-1.0204064335285534,-6.035918032849274,6.035918032849274,True,-1.7535724939027777,4.282345538946497,49,1.9121688494027205,0.9121688494027204,0.0,,True,7.840980052947998,6.948086882251994,True,-1.4755957101201145,234736882.0278168,149569608.43086243,20.0,True,True,True,True,True,6600718052.924675,106.62264,7.8464313
CELH,CELH,Beverages—Non-Alcoholic,27.63999938964844,1.0,27.63999938964844,-3.587737726497653,-6.49526424554262,6.49526424554262,True,-1.4439244762584624,5.051339769284157,15,1.2744359056200742,0.2744359056200742,0.0,,True,7.840980052947998,6.769700151162694,True,-3.005380400493729,286939125.6637573,249458204.3132782,20.0,True,True,True,True,True,6993888544.639664,125.63636,5.837381
QTTB,QTTB,Biotechnology,11.140000343322754,1.0,11.140000343322754,-2.502086709438578,-4.704869604815787,6.328128183959003,True,-2.2971619471438776,2.4077076576719096,541,1.4138579487921308,0.4138579487921308,0.0,,True,7.840980052947998,6.7419861327511335,True,-6.328128183959003,5444118.16778183,5302040.002727509,20.0,True,True,True,True,True,331631861.46053505,3.738255,2.4966383
ADBE,ADBE,Software—Application,254.8600006103516,1.0,254.8600006103516,-3.4707889614107423,-0.9329118651048574,6.733154937664043,True,-1.847335196361488,-0.9144233312566308,208,0.9731686741341332,0.0,0.0,,True,7.840980052947998,6.733154937664043,True,-6.733154937664043,1058408096.534729,1140128875.9918213,20.0,True,True,True,True,True,101306850242.61476,14.588438,8.828766
SENS,SENS,Medical Devices,8.720000267028809,1.0,8.720000267028809,-3.1152667411186274,-6.538045677013704,6.538045677013704,True,-1.2232500927669363,5.314795584246768,139,1.1087714095054495,0.1087714095054497,0.0,,True,7.840980052947998,6.646817086519154,True,-2.7272678231621827,6519944.19965744,5974990.144634247,20.0,True,True,True,True,True,461061756.2788954,-4.4794445,5.1053867
XNDU,XNDU,Software—Infrastructure,9.050000190734863,1.0,9.050000190734863,-1.3374497003039276,-5.630864997507912,5.630864997507912,True,-1.1235944019676425,4.50727059554027,169,2.0066330209084358,1.006633020908435,0.0,,True,7.840980052947998,6.637498018416347,True,-2.994013742807944,18890970.398139957,10774876.008224487,20.0,True,True,True,True,True,2754759423.0584145,-16.605505,8.794947
ZG,ZG,Internet Content & Information,32.810001373291016,1.0,32.810001373291016,-6.483581357060208,-0.666053327691174,6.483581357060208,True,-2.168802419615712,-1.502749091924538,56,1.1397636713382795,0.1397636713382797,0.0,,True,7.840980052947998,6.623345028398488,True,-1.9977835805018551,34020690.423965454,33635830.81970215,20.0,True,True,True,True,True,7378147549.558754,142.63043,1.7049531
GPK,GPK,Packaging & Containers,9.510000228881836,1.0,9.510000228881836,-5.177372445378148,-3.842265937811373,5.177372445378148,True,-2.030262770956304,1.8120031668550696,21,2.4096976639936245,1.4096976639936245,0.0,,True,7.840980052947998,6.587070109371773,True,-2.5233598962830173,92017811.21463776,45848661.35239601,20.0,True,True,True,True,True,2813889118.0932484,15.33871,0.8700823
HRB,HRB,Personal Services,45.13999938964844,1.0,45.13999938964844,-6.461479606415943,-1.6343430158536454,6.461479606415943,True,-0.9690808237053594,0.665262192148286,10,1.1179181516529433,0.1179181516529432,0.0,,True,7.840980052947998,6.579397758068886,True,-3.992166657036611,82123200.8895874,85749793.35708618,20.0,True,True,True,True,True,5564223643.844452,8.060715,47.7167
DIN,DIN,Restaurants,29.13999938964844,1.0,29.13999938964844,-2.588382850142368,-5.573561849270259,5.573561849270259,True,-1.7535724939027777,3.8199893553674817,49,1.9948884758364311,0.9948884758364313,0.0,,True,7.840980052947998,6.56845032510669,True,-1.5231516681979196,12509801.737976074,7297711.71169281,20.0,True,True,True,True,True,368887623.273468,49.38983,-1.2645373
DLTR,DLTR,Discount Stores,118.38999938964844,1.0,118.38999938964844,-5.615581613333087,-4.554983460316664,5.615581613333087,True,-1.4278846282180455,3.127098832098618,8,1.9014917951268029,0.9014917951268028,0.0,,True,7.840980052947998,6.51707340845989,True,0.2899915310455858,452711518.6660767,263683531.98623657,20.0,True,True,True,True,True,22213550984.089558,15.197689,6.4867682
LNG,LNG,Oil & Gas Midstream,275.92999267578125,1.0,275.92999267578125,-5.4726065021671655,-0.0326050074171191,5.4726065021671655,True,0.3890958821135992,0.4217008895307184,42,2.037399581448728,1.0373995814487276,0.0,,True,7.840980052947998,6.5100060836158935,True,0.3953907073583007,832756717.8955078,408796155.68237305,20.0,True,True,True,True,True,56988968704.23865,20.919636,9.265925
TRU,TRU,Financial Data & Stock Exchanges,77.05000305175781,1.0,77.05000305175781,-2.791682278686658,-0.7726960236068114,5.934998850919005,True,-0.801964351137735,-0.0292683275309235,14,1.5699898087644626,0.5699898087644626,0.0,,True,7.840980052947998,6.504988659683468,True,-5.934998850919005,201786252.9922485,141168099.01809692,20.0,True,True,True,True,True,14762780584.716797,20.492022,3.0483465
TRI,TRI,Specialty Business Services,96.9800033569336,1.0,96.9800033569336,-6.500759582459581,-1.852033444869772,6.500759582459581,True,-0.808141632010384,1.0438918128593877,40,0.970662936651084,0.0,0.0,,True,7.840980052947998,6.500759582459581,True,-5.440230596670381,127868134.42611694,141208541.78085327,20.0,True,True,True,True,True,42014121028.74614,26.069893,3.7764797
Z,Z,Internet Content & Information,32.13999938964844,1.0,32.13999938964844,-6.446948633706462,-0.6798554281632119,6.446948633706462,True,-2.168802419615712,-1.4889469914525,56,0.9023873818583528,0.0,0.0,,True,7.840980052947998,6.446948633706462,True,-2.122241077424214,94514096.20513916,116581190.28110504,20.0,True,True,True,True,True,7227480884.30722,139.73912,1.5823158
TRUP,TRUP,Insurance—Property & Casualty,24.799999237060547,1.0,24.799999237060547,-6.043159870261872,-5.053604746406249,6.043159870261872,True,-0.2095756877442789,4.84402905866197,43,1.2749940631678935,0.2749940631678935,0.0,,True,7.840980052947998,6.318153933429765,True,-3.438699711651827,13315119.590377808,12437231.277751924,20.0,True,True,True,True,True,1081787672.320221,49.6,2.655815
USFD,USFD,Food Distribution,97.4499969482422,1.0,97.4499969482422,-0.9131147340224022,-5.470947317878084,5.470947317878084,True,0.0,5.470947317878084,9,1.8451458489154824,0.8451458489154824,0.0,,True,7.840980052947998,6.316093166793566,True,-0.3543748047164397,300506555.58929443,181597628.2989502,20.0,True,True,True,True,True,21081428296.161022,31.74267,4.925946
KNF,KNF,Building Materials,57.970001220703125,1.0,57.970001220703125,-0.6469375934548327,-5.6324256345171015,5.6324256345171015,True,-1.9204552560314725,3.711970378485629,13,1.656093489148581,0.656093489148581,0.0,,True,7.840980052947998,6.288519123665683,True,-0.4828572861790947,66132177.392578125,45881036.03897095,20.0,True,True,True,True,True,3290021043.629608,23.56504,2.0490615
SMPL,SMPL,Packaged Foods,10.390000343322754,1.0,10.390000343322754,-6.026197308972581,-3.438660573314245,6.026197308972581,True,-1.1446410095467097,2.294019563767536,58,1.211476982097187,0.2114769820971866,0.0,,True,7.840980052947998,6.237674291069768,True,-0.3481284825920805,23623743.780612946,21371788.035440445,20.0,True,True,True,True,True,918904171.0938787,6.111657,0.6479576
CXM,CXM,Software—Application,5.320000171661377,1.0,5.320000171661377,-6.091364906462459,-4.144144345390243,6.091364906462459,True,-1.838839879143489,2.3053044662467546,208,1.1418651108222089,0.1418651108222088,0.0,,True,7.840980052947998,6.233230017284669,True,-5.288460509781734,19157852.618169785,23451334.39593315,20.0,True,True,True,True,True,1235151568.654852,53.2,2.4281151
AFRM,AFRM,Credit Services,68.1500015258789,1.0,68.1500015258789,-0.3731812698834824,-5.4522755346027125,5.4522755346027125,True,-0.939766245909246,4.512509288693467,40,1.7306616665607322,0.7306616665607322,0.0,,True,7.840980052947998,6.182937201163445,True,-2.624501342588548,371124463.3094788,235136186.6344452,20.0,True,True,True,True,True,22995259111.263977,13.030593,4.190236
VERX,VERX,Software—Application,12.369999885559082,1.0,12.369999885559082,-6.172842071261419,-4.256967395410638,6.172842071261419,True,-1.838839879143489,2.418127516267149,208,0.7647478422141379,0.0,0.0,,True,7.840980052947998,6.172842071261419,True,-0.0725636821573672,13261876.877307892,18925918.006134037,20.0,True,True,True,True,True,2006636394.0356252,618.5,8.090255
SLN,SLN,Biotechnology,13.550000190734863,1.0,13.550000190734863,-6.16861249343409,-1.0226398388575977,6.16861249343409,True,-2.29954111672408,-1.2769012778664823,541,0.8821962712558902,0.0,0.0,,True,7.840980052947998,6.16861249343409,True,-1.3522637578159855,8751945.123195648,9722867.655706406,20.0,True,True,True,True,True,842187877.1549511,-17.71242,16.646193
FIVN,FIVN,Software—Infrastructure,30.3700008392334,1.0,30.3700008392334,-6.131652802701726,-2.753758295256592,6.131652802701726,True,-1.1235944019676425,1.6301638932889495,169,0.6797405431619786,0.0,0.0,,True,7.840980052947998,6.131652802701726,True,-2.4340118870894267,34053881.94103241,55461655.099487305,20.0,True,True,True,True,True,2269353699.180483,46.015152,2.8915548
OCTV,OCTV,Software—Application,17.93000030517578,1.0,17.93000030517578,-6.125578119410735,-2.501354539095768,6.125578119410735,True,-1.838839879143489,0.6625146599522791,208,0.6650895440681942,0.0,0.0,,True,7.840980052947998,6.125578119410735,True,-1.951948941860615,30497137.519073486,49356830.17272949,20.0,True,True,True,True,True,4813089620.760712,16.008928,0.9474741
BRBR,BRBR,Packaged Foods,9.43000030517578,1.0,9.43000030517578,-5.774786926309616,-3.677218162206264,5.774786926309616,True,-1.1446410095467097,2.532577152659554,58,1.298192825681089,0.298192825681089,0.0,,True,7.840980052947998,6.072979751990705,True,-0.09614688052203,33768831.09283447,29557976.350307465,20.0,True,True,True,True,True,1096503404.9052887,6.883212,-2.3469388
RSKD,RSKD,Software—Application,5.920000076293945,1.0,5.920000076293945,-5.376349756747134,-3.896100276999048,6.060600430887408,True,-1.838839879143489,2.0572603978555595,208,0.7457726374350341,0.0,0.0,,True,7.840980052947998,6.060600430887408,True,-6.060600430887408,9046944.116592407,12570652.52137184,20.0,True,True,True,True,True,781663395.3536797,15.27742,3.7373738
FIS,FIS,Information Technology Services,38.06999969482422,1.0,38.06999969482422,-5.896398321059637,-3.424653822497159,5.896398321059637,True,-1.6847334033700756,1.7399204191270834,66,1.1636514048789135,0.1636514048789135,0.0,,True,7.840980052947998,6.06004972593855,True,-0.9224205319499856,224909944.1970825,208267357.3955536,20.0,True,True,True,True,True,19632924102.809044,6.052464,1.2248641
IBEX,IBEX,Information Technology Services,37.040000915527344,1.0,37.040000915527344,-5.795243168701758,0.3794021242797374,5.795243168701758,True,-1.7466760408688164,-2.126078165148554,66,1.2595121951219512,0.2595121951219512,0.0,,True,7.840980052947998,6.054755363823709,True,-0.6089867530982951,4781864.11819458,3859087.9848480234,20.0,True,True,True,True,True,495932868.8981018,11.538941,3.0951784
RPRX,RPRX,Biotechnology,60.59000015258789,1.0,60.59000015258789,-5.268916479241925,0.0,5.268916479241925,True,-2.29954111672408,-2.29954111672408,541,1.769257396509947,0.769257396509947,0.0,,True,7.840980052947998,6.038173875751872,True,0.1252317079208031,263233255.6629181,145688920.61843872,20.0,True,True,True,True,True,26979354340.90393,32.575268,3.9019835
LMND,LMND,Insurance—Property & Casualty,49.220001220703125,1.0,49.220001220703125,-5.354803629511973,-2.631054473651384,5.354803629511973,True,-0.2095756877442789,2.421478785907105,43,1.668424265971027,0.6684242659710273,0.0,,True,7.840980052947998,6.023227895483,True,-3.031957022741083,73977661.8347168,46638857.98778534,20.0,True,True,True,True,True,3809461484.77829,-56.574715,7.619195
FIG,FIG,Software—Application,22.01000022888184,1.0,22.01000022888184,-5.679936946788855,-3.252746246673244,5.679936946788855,True,-1.838839879143489,1.4139063675297547,208,1.2842050851290667,0.2842050851290667,0.0,,True,7.840980052947998,5.9641420319179215,True,-4.361611832156642,393703879.09412384,361345956.28881454,20.0,True,True,True,True,True,11731547294.666277,61.855377,7.903052
STZ,STZ,Beverages—Brewers,121.5500030517578,1.0,121.5500030517578,-5.617092939815748,0.4711519912447892,5.617092939815748,True,-1.3792476254840258,-1.850399616728815,5,1.336507042253521,0.336507042253521,0.0,,True,7.840980052947998,5.953599982069269,True,-0.704937398655936,288353072.23968506,236585828.276062,20.0,True,True,True,True,True,20758119173.87442,11.521327,2.5245602
SONO,SONO,Consumer Electronics,14.550000190734863,1.0,14.550000190734863,-5.664061881543592,0.414081577394465,5.664061881543592,True,-1.7886200294088384,-2.2027016068033034,15,1.1940782516743038,0.1940782516743038,0.0,,True,7.840980052947998,5.858140133217896,True,-4.950496276539118,24644790.32306671,22836356.36615753,20.0,True,True,True,True,True,1721177417.012786,32.333336,4.2643614
FIGS,FIGS,Apparel Manufacturing,13.260000228881836,1.0,13.260000228881836,-5.131759828037041,-3.0701759278107588,5.131759828037041,True,-2.570611531113692,0.4995643966970666,22,1.7157202630005977,0.7157202630005977,0.0,,True,7.840980052947998,5.847480091037639,True,-5.131577254992747,47576880.82122803,32048509.23948288,20.0,True,True,True,True,True,2203019646.946484,41.4375,4.968153
FTAI,FTAI,Aerospace & Defense,185.25,1.0,185.25,0.208887133003488,-5.816260256956484,5.816260256956484,True,-2.370774500600492,3.445485756355992,87,0.9146250927988122,0.0,0.0,,True,7.840980052947998,5.816260256956484,True,-1.559757570525888,193993800.0,237210336.81640625,20.0,True,True,True,True,True,19026488607.75,42.881943,47.065548
COTY,COTY,Household & Personal Products,2.690000057220459,1.0,2.690000057220459,-5.802050253264812,-2.536229474082308,5.802050253264812,True,-2.0919087343743703,0.4443207397079374,25,0.9708051154055658,0.0,0.0,,True,7.840980052947998,5.802050253264812,True,0.0,16060645.34163475,17320569.310474396,20.0,True,True,True,True,True,2368454768.6006937,10.511098,0.7923417
RVLV,RVLV,Internet Retail,19.489999771118164,1.0,19.489999771118164,-5.714291329765031,-3.17933142737431,5.714291329765031,True,-1.3132974206201242,1.8660340067541856,26,1.079867313090074,0.079867313090074,0.0,,True,7.840980052947998,5.794158642855105,True,-0.7438393570878499,16496335.806274414,18786678.52153778,20.0,True,True,True,True,True,1385454819.5298386,19.686869,2.5742967
KYTX,KYTX,Biotechnology,7.639999866485596,1.0,7.639999866485596,-2.1818218809185552,-5.328374778185041,5.328374778185041,True,-2.2971619471438776,3.0312128310411635,541,1.4603578528827037,0.4603578528827037,0.0,,True,7.840980052947998,5.788732631067745,True,-1.1976093042061042,7015047.877407074,5221045.331859589,20.0,True,True,True,True,True,472483903.9030094,-2.487635,2.841205
VSNT,VSNT,Entertainment,37.209999084472656,1.0,37.209999084472656,-0.932402498473528,-2.7189566419015487,5.760313741848266,True,-1.225272862667054,1.4936837792344948,42,0.9088461671211128,0.0,0.0,,True,7.840980052947998,5.760313741848266,True,-5.760313741848266,48990684.7946167,57549753.340148926,20.0,True,True,True,True,True,5178518474.965988,7.0207543,0.63813
CRCL,CRCL,Capital Markets,92.98999786376952,1.0,92.98999786376952,-5.752084831986604,-3.316700386030857,5.752084831986604,True,-1.6708459724126878,1.6458544136181696,90,0.646720191262465,0.0,0.0,,True,7.840980052947998,5.752084831986604,True,-1.1430788208886766,860278367.2370911,1316318723.21167,20.0,True,True,True,True,True,23607917631.852608,19.252588,6.6981196
PCTY,PCTY,Software—Application,142.10000610351562,1.0,142.10000610351562,-5.727422805059524,-0.99630229773785,5.727422805059524,True,-1.847335196361488,-0.8510328986236382,208,0.9982250621228256,0.0,0.0,,True,7.840980052947998,5.727422805059524,True,-1.4116381397220157,79917043.43261719,86834570.69778442,20.0,True,True,True,True,True,7867508937.927246,29.178646,6.4412313
PSKY,PSKY,Entertainment,10.220000267028809,1.0,10.220000267028809,-0.5524812876535612,-5.370369569100808,5.370369569100808,True,-1.225272862667054,4.145096706433754,42,1.3397001971181028,0.3397001971181028,0.0,,True,7.840980052947998,5.71006976621891,True,-1.6304375525157957,134404245.51172256,105362501.69901848,20.0,True,True,True,True,True,11437948951.611448,340.6667,0.97333336
PAYC,PAYC,Software—Application,215.5800018310547,1.0,215.5800018310547,-5.399919974839829,-1.6335105727476429,5.399919974839829,True,-1.847335196361488,-0.2138246236138452,208,1.2685975609756095,0.2685975609756097,0.0,,True,7.840980052947998,5.668517535815439,True,-3.6795301622772114,179405677.5238037,145466062.59155273,20.0,True,True,True,True,True,9716539706.5486,23.205597,16.408892
HE,HE,Utilities—Regulated Electric,10.329999923706056,1.0,10.329999923706056,-1.7132599769467127,-5.22935518140023,5.22935518140023,True,-0.9917730043393692,4.237582177060861,35,1.429825944022877,0.4298259440228771,0.0,,True,7.840980052947998,5.659181125423107,True,0.0,32797749.757766724,26080490.568637848,20.0,True,True,True,True,True,1784280268.141899,8.467213,1.0121497
BMNR,BMNR,Capital Markets,24.209999084472656,1.0,24.209999084472656,-0.8009565922729389,-2.2608048564467964,5.595468457069663,True,-1.6708459724126878,0.5899588840341086,90,0.6889861244240868,0.0,0.0,,True,7.840980052947998,5.595468457069663,True,-5.595468457069663,683896159.1377258,998730982.6057434,20.0,True,True,True,True,True,14604110446.469742,25.755318,1.2098346
DRVN,DRVN,Auto & Truck Dealerships,12.529999732971191,1.0,12.529999732971191,-2.507375678956658,-5.219368533437219,5.219368533437219,True,-0.4622730406267483,4.757095492810471,23,1.3704376354795242,0.3704376354795242,0.0,,True,7.840980052947998,5.589806168916743,True,-0.1472717540627055,14655087.687683104,10855957.953214644,20.0,True,True,True,True,True,2067197050.4256363,13.329787,2.4806967
GTM,GTM,Software—Application,3.7200000286102295,1.0,3.7200000286102295,-5.569007571434936,-4.615386214246842,5.569007571434936,True,-1.838839879143489,2.776546335103353,208,0.8587047721198177,0.0,0.0,,True,7.840980052947998,5.569007571434936,True,0.2427240087284454,18464964.1420126,23387354.746747017,20.0,True,True,True,True,True,1082929379.4487252,3.2977264,1.3121693
QDEL,QDEL,Medical Devices,12.640000343322754,1.0,12.640000343322754,-4.22333673092602,-5.530640992442804,5.530640992442804,True,-1.2232500927669363,4.307390899675867,139,0.7717846016911437,0.0,0.0,,True,7.840980052947998,5.530640992442804,True,0.2871497557553226,10960144.29769516,16430502.242851255,20.0,True,True,True,True,True,866793420.8235044,8.765057,0.48639706
DASH,DASH,Internet Retail,197.2449951171875,1.0,197.2449951171875,-5.33225972415412,-1.5939968495823242,5.33225972415412,True,-1.4055092737815469,0.1884875758007775,26,1.1780574598356794,0.1780574598356794,0.0,,True,7.840980052947998,5.5103171839898,True,-4.626128050658085,888056141.5161133,861848799.9214172,20.0,True,True,True,True,True,85465849467.85242,105.47861,8.613694
SNOW,SNOW,Software—Application,331.4800109863281,1.0,331.4800109863281,-0.4982480313998505,-1.1982083498276783,5.411397446872046,True,-1.847335196361488,-0.6491268465338096,208,1.0957670749955617,0.0957670749955617,0.0,,True,7.840980052947998,5.507164521867608,True,-5.411397446872046,1432159387.466431,1271059839.5507812,20.0,True,True,True,True,True,116946147875.97656,111.018456,54.349895
ALOY,ALOY,Other Industrial Metals & Mining,9.539999961853027,1.0,9.539999961853027,-0.0990121634072749,-5.450943334166336,5.450943334166336,True,-0.6674308769947568,4.783512457171579,48,0.8749392200719635,0.0,0.0,,True,7.840980052947998,5.450943334166336,True,0.3976139183357041,17166275.931358337,25133324.962329865,20.0,True,True,True,True,True,662256599.0918779,-68.14285,3.4428005
DUOL,DUOL,Software—Application,139.24000549316406,1.0,139.24000549316406,-5.224658146731931,-4.884209253565974,5.224658146731931,True,-1.838839879143489,3.045369374422485,208,1.2194511314395764,0.2194511314395764,0.0,,True,7.840980052947998,5.444109278171508,True,-2.7452464483589623,176333542.95654297,145721060.60562134,20.0,True,True,True,True,True,6487625867.023636,17.296894,4.614875
SMWB,SMWB,Software—Application,8.039999961853027,1.0,8.039999961853027,-5.2036202512090295,-4.057281001726743,5.2036202512090295,True,-1.838839879143489,2.218441122583254,208,1.2297551789077212,0.2297551789077212,0.0,,True,7.840980052947998,5.433375430116751,True,-0.5624318200664447,7350167.965126038,6030069.994354248,20.0,True,True,True,True,True,709519576.7935791,25.733765,31.162792
SNPS,SNPS,Software—Infrastructure,393.2200012207031,1.0,393.2200012207031,-0.4595768777737041,0.3035488215472393,5.397420516556428,True,-1.1235944019676425,-1.4271432235148818,169,0.9399509803921569,0.0,0.0,,True,7.840980052947998,5.397420516556428,True,-5.397420516556428,542879533.6853027,600609016.2200928,20.0,True,True,True,True,True,75355362174.05145,68.505226,2.4185205
WDAY,WDAY,Software—Application,186.0500030517578,1.0,186.0500030517578,-4.85724236832562,-0.1234677523331728,5.3788927997791225,True,-1.847335196361488,-1.7238674440283153,208,0.6521568407471813,0.0,0.0,,True,7.840980052947998,5.3788927997791225,True,-5.3788927997791225,432603467.09594727,703769427.9220581,20.0,True,True,True,True,True,44838050735.47363,37.89206,6.9320765
EBS,EBS,Drug Manufacturers—Specialty & Generic,5.679999828338623,1.0,5.679999828338623,-3.3816431055874063,-5.333336194356287,5.333336194356287,True,-1.1407864043083027,4.192549790047984,76,1.02545962705795,0.0254596270579501,0.0,,True,7.840980052947998,5.358795821414237,True,-0.321026980181105,6668887.798452377,6855478.456759453,20.0,True,True,True,True,True,291232539.67834854,5.427979,0.8534936
UPWK,UPWK,Internet Content & Information,8.239999771118164,1.0,8.239999771118164,-5.346988271541786,-0.96153757981291,5.346988271541786,True,-2.168802419615712,-1.207264839802802,56,0.708959754312038,0.0,0.0,,True,7.840980052947998,5.346988271541786,True,-4.3525531751285484,16358871.545600891,24793930.459594727,20.0,True,True,True,True,True,1029203699.0118884,10.701299,1.8246236
BSY,BSY,Software—Application,32.0099983215332,1.0,32.0099983215332,-2.5808334485701634,-2.52741116686408,5.282385670286471,True,-1.838839879143489,0.6885712877205907,208,1.035201326491743,0.035201326491743,0.0,,True,7.840980052947998,5.317586996778214,True,-5.282385670286471,73943096.1227417,79936146.50745392,20.0,True,True,True,True,True,9669992869.837116,36.375,8.254254
CDW,CDW,Information Technology Services,142.3699951171875,1.0,142.3699951171875,-5.184413244604446,-1.460410210926788,5.184413244604446,True,-1.7466760408688164,-0.2862658299420284,66,1.1141823578517762,0.1141823578517762,0.0,,True,7.840980052947998,5.298595602456222,True,-1.0005154005020778,256522257.20214844,227963882.17926025,20.0,True,True,True,True,True,17798730329.18335,17.362194,7.3047714
G,G,Information Technology Services,34.869998931884766,1.0,34.869998931884766,-5.278674267985961,-1.3578488343860218,5.278674267985961,True,-1.7466760408688164,-0.3888272064827947,66,0.8755783706636587,0.0,0.0,,True,7.840980052947998,5.278674267985961,True,-1.9958038332095864,66315763.96865845,78681962.74929047,20.0,True,True,True,True,True,5859359592.60989,10.534743,2.249387
MDLN,MDLN,Medical Instruments & Supplies,34.04999923706055,1.0,34.04999923706055,-5.192679742977601,-1.8449103919989216,5.192679742977601,True,-0.6991415399935419,1.14576885200538,50,0.7699460042409625,0.0,0.0,,True,7.840980052947998,5.192679742977601,True,0.0,179889550.96931458,237381446.13761905,20.0,True,True,True,True,True,29873808303.53414,42.5625,2.580523
GLOB,GLOB,Information Technology Services,36.13999938964844,1.0,36.13999938964844,-5.136729060476064,-2.6400850496645423,5.136729060476064,True,-1.6847334033700756,0.9553516462944668,66,0.8168274199104375,0.0,0.0,,True,7.840980052947998,5.136729060476064,True,-3.023537675691157,34278789.42108154,46674585.85319519,20.0,True,True,True,True,True,1560509127.4852903,14.514056,0.73283994
RELY,RELY,Software—Infrastructure,24.06999969482422,1.0,24.06999969482422,-5.120367400387316,-3.0608144632180867,5.120367400387316,True,-1.1235944019676425,1.937220061250444,169,0.950283565528295,0.0,0.0,,True,7.840980052947998,5.120367400387316,True,-2.786032681554329,74210216.05911255,80865697.61791229,20.0,True,True,True,True,True,5095235115.179153,17.82963,4.5210366
FNKO,FNKO,Leisure,5.389999866485596,1.0,5.389999866485596,0.0,-5.105633285518096,5.105633285518096,True,-1.4994620691636151,3.606171216354481,28,0.9862956810631228,0.0,0.0,,True,7.840980052947998,5.105633285518096,True,-0.1757509451892902,5120499.873161316,5666648.489403725,20.0,True,True,True,True,True,301817171.26375866,16.84375,1.6079952
BSP,BSP,Software—Application,37.75,1.0,37.75,-1.2632642164450258,-3.40327985859461,5.061158227773399,True,-1.838839879143489,1.564439979451121,208,1.0258809888608225,0.0258809888608224,0.0,,True,7.840980052947998,5.0870392166342215,True,-5.061158227773399,46760925.0,49603957.59067536,20.0,True,True,True,True,True,23979528952.5,89.88096,18.027697
KTB,KTB,Apparel Manufacturing,67.16000366210938,1.0,67.16000366210938,-3.1891517650154744,-5.047362541195543,5.047362541195543,True,-2.570611531113692,2.476751010081851,22,0.9363960165733808,0.0,0.0,,True,7.840980052947998,5.047362541195543,True,-0.1085898651545402,43257758.35876465,52828665.5456543,20.0,True,True,True,True,True,3670537319.347534,14.31983,5.933911
NVCT,NVCT,Biotechnology,22.780000686645508,1.0,22.780000686645508,-2.0416496720006783,-5.043764468599066,5.043764468599066,True,-2.2971619471438776,2.746602521455188,541,0.9064039408866996,0.0,0.0,,True,7.840980052947998,5.043764468599066,True,0.4924042993530664,3772368.113708496,4228555.908679962,20.0,True,True,True,True,True,743631845.8949013,-23.729168,67.0
CTNM,CTNM,Biotechnology,15.140000343322754,1.0,15.140000343322754,-4.550905076859291,-5.018815922963215,5.018815922963215,True,-2.2971619471438776,2.7216539758193377,541,0.9848024316109424,0.0,0.0,,True,7.840980052947998,5.018815922963215,True,-4.951616089902666,5886432.133483887,6374034.127092361,20.0,True,True,True,True,True,569583951.3961906,-8.424497,2.37602
