date,median_daily_ret_pct,mean_daily_ret_pct,n_codes
2026-09-08,-0.7792200553997986,-0.7412495913544087,5117.0
2026-09-09,-0.9900980750178201,-0.14034750015948022,5126.0
2026-09-10,-0.6571792953842082,0.12144340384816789,5128.0
2026-09-11,0.1453803862494829,0.26024625337119855,5130.0
2026-09-14,0.0,0.5971289509371351,5132.0
2026-09-15,-0.6511215385720692,-0.707884123113775,5132.0
2026-09-16,-0.46039814586736894,-0.4882930482380478,5129.0
2026-09-17,0.3779132730789003,1.9575980728483817,5128.0
2026-09-18,-0.28384380206874504,-0.21550698610738905,5132.0
2026-09-21,0.0917865478405222,7.768036634404374,5134.0
2026-09-22,0.1042762715218748,0.7977676920236375,5128.0
2026-09-23,-1.2658233241322203,-1.499363329310125,5131.0
2026-09-24,-0.22522903487194323,-0.42526889892521025,5127.0
2026-09-25,0.0,-0.11116371143740146,5129.0
2026-09-28,-0.7142850452539706,-1.0997602064785335,5125.0
2026-09-29,-0.22918053950717887,-0.49673668845081914,5127.0
2026-09-30,0.0,0.39309119594582537,141.0
